Top queries,Clicks,Impressions,CTR,Position
regenerative revival,629,992,63.41%,1.22
regenerative revival reviews,81,345,23.48%,1.72
seth berge,21,209,10.05%,4.18
regenerative revival reviews and complaints,3,21,14.29%,3.81
regenerative revival mn,3,4,75%,1
regenerativerevival.com,2,12,16.67%,1
karl canniff,2,10,20%,3.9
deanna kaup,1,6,16.67%,7
revival stem cells,1,4,25%,11.5
regenerative revival iowa,1,2,50%,1
nicole stroop np,1,1,100%,31
regenerative therapy,0,505,0%,69.37
regenerative medicine for joint pain,0,321,0%,66.65
regeneration therapy,0,211,0%,51.64
regenerative,0,209,0%,29.61
regenerative medicine san antonio,0,209,0%,85.19
stem cell therapy for fitness,0,180,0%,49.84
regenerative treatment,0,155,0%,81.39
regenerative cell therapy,0,149,0%,53.1
matrix regeneration therapy,0,138,0%,83.07
regenerative medicine the woodlands,0,133,0%,26.56
regenerative cell,0,104,0%,43.5
regenerative medicine in dana point,0,87,0%,17.29
"how to choose a qualified provider for regenerative therapy who is at the 
forefront of the field?",0,86,0%,9.85
regenerative therapies for chronic pain,0,76,0%,71.57
regenerative medicine humble,0,72,0%,49.74
cellular regeneration therapy,0,68,0%,76.19
regenerative care,0,66,0%,63.53
book a speaker on regenerative medicine,0,64,0%,58.3
regenerative treatment for joint pain,0,62,0%,57.11
regenerative medicine fort worth,0,61,0%,83.84
regenerative therapy sarasota,0,61,0%,84.16
healing revolution,0,58,0%,69.86
regenerative health pasadena,0,57,0%,72.6
cedar rapids regenerative treatments,0,54,0%,69.26
revival bio,0,53,0%,11.02
enhance physical performance naturally,0,51,0%,33.47
regenerative therapy queens,0,51,0%,73.78
regenerative stem cell therapy,0,49,0%,49.1
* regenerative joint pain therapy,0,49,0%,68.06
regenerative medicine therapy,0,46,0%,71.04
regenerative therapy the woodlands tx,0,44,0%,29.18
stem cell regeneration,0,44,0%,44.36
regenerative chamber,0,42,0%,48.07
austin regenerative therapy,0,42,0%,64.6
regenerative medicine houston,0,41,0%,62.15
regenerative therapies,0,41,0%,69.44
regenerative medicine plantation,0,39,0%,59.51
brandon regenerative medicine,0,38,0%,42.32
regenerative healing,0,37,0%,78.43
"regenerative medicine fort worth, tx",0,34,0%,85.71
leaders in regenerative healing,0,33,0%,26.7
stem cell treatments stafford township,0,33,0%,69.55
regenerative joint therapy,0,33,0%,78.3
regenerative therapy maryland,0,33,0%,78.45
autolog cell regeneration,0,32,0%,64.53
regenerative therapy brooklyn,0,31,0%,77.9
regenerate dripping springs,0,30,0%,34.83
post treatment regenerative exercises,0,29,0%,31.34
regenerative solutions,0,29,0%,79.76
regenerative tissue therapies,0,29,0%,83.9
regenerative treatments for active lifestyles,0,28,0%,61.82
regenerative medicine queens,0,28,0%,80.5
providers offering customizable regenerative treatment plans,0,27,0%,14.33
regenerative rehab,0,27,0%,88.19
regenerative therapy long island,0,27,0%,88.93
regenerative therapy katy tx,0,25,0%,72.4
stem cell therapy beckley wv,0,23,0%,57.48
beverly hills tissue regeneration,0,23,0%,82.04
stem cell & regenerative therapy,0,23,0%,83.3
regenerative medicine for chronic pain,0,23,0%,83.48
regenerative medicine in willis,0,21,0%,69.1
regenrative,0,20,0%,49.6
regenerative medicine misconceptions,0,19,0%,38.63
matrix regeneration therapy tomball tx,0,19,0%,46.79
houston regenerative therapy,0,19,0%,52.37
regenerative medicine minnesota,0,18,0%,42.5
regenative labs,0,18,0%,51.44
cellular regeneration dallas,0,18,0%,52.11
regenerative joint medicine,0,18,0%,58.72
regenerative medicine woodbury,0,18,0%,63.11
regenerative medicine malibu,0,18,0%,83.56
south jordan ut regenerative medicine,0,18,0%,85.22
joint pain regenerative therapy,0,17,0%,55.71
regenerative tissue therapies henderson,0,17,0%,65.29
regenerative medicine flint mi,0,16,0%,21.38
regenerative wellness palm springs,0,16,0%,56.56
stem cell therapy the woodlands,0,15,0%,28.87
regenerative medicine for joints,0,15,0%,52.8
regenerative therapies for pain,0,15,0%,56.87
regenerative medicine savannah,0,15,0%,71.6
regenerative medicine campbell,0,15,0%,78.4
regenerative medicine san antonio texas,0,15,0%,96.07
regeneration stem cell,0,14,0%,57.93
cell regeneration therapy,0,14,0%,61.29
evaluating regenerative medicine treatments what to look for,0,13,0%,13.69
regenerative labs,0,13,0%,51.46
regenerative therapy nassau county,0,13,0%,80.46
regenerative medicine speaker,0,12,0%,20.17
regenerative therapy cypress,0,12,0%,44.33
regenerative healing products,0,12,0%,48.67
regenerative tissue,0,12,0%,58.42
regenerative medicine sarasota,0,12,0%,83
regenerative medicine cleveland,0,12,0%,84.5
regenerative medicine chevy chase,0,12,0%,87.5
"regenerative medicine in gladstone, mo",0,11,0%,29.73
revive regenerative,0,11,0%,30.55
regenerative medicine morgantown wv,0,11,0%,36.27
regenerative research group,0,11,0%,41.55
wesley chapel regenerative medicine,0,11,0%,44.91
life renewing stem cells,0,11,0%,54.36
regenerative medicine in montgomery texas,0,11,0%,65.18
10 natural ways to boost your energy levels,0,11,0%,70.64
regenerative medicine texas,0,11,0%,71.82
kennewick regenerative therapy,0,10,0%,49.1
happy valley regeneration,0,10,0%,54
houston regenerative,0,10,0%,58.8
regenerative medicine chesterfield mo,0,10,0%,66.1
regenerative cellular therapy,0,10,0%,71
regenerative therapy bellevue,0,10,0%,73.3
stem cell rejuvenation san antonio,0,10,0%,74.2
regenerative medicine saratoga,0,10,0%,86.4
regenerativerevival.com recent news,0,9,0%,1
regeneration products,0,9,0%,21.67
regenerative medicine augusta,0,9,0%,22.67
cellular revival near me,0,9,0%,23.11
regenerative performance,0,9,0%,41.78
revive regenerative medical group,0,9,0%,44.33
amplified wellness regenerative therapy,0,9,0%,50.67
regenerative biologics institute,0,9,0%,56.56
regenerative medicine lexington ky,0,9,0%,58.89
houston regenerative medicine,0,9,0%,68.89
can you exercise after stem cell injections,0,9,0%,78.67
regenerative medicine torrance,0,9,0%,79.89
regenerative medicine boca raton,0,9,0%,82.67
regenerative health beverly hills,0,9,0%,89.11
regenerative therapy for tissue repair,0,9,0%,90.22
regenerative medicine new orleans,0,9,0%,93.44
regenerative medicine aventura,0,9,0%,97.33
regenerative medicine minneapolis,0,8,0%,42.12
regenerative medicine aurora,0,8,0%,43.62
joint pain regenerative treatment,0,8,0%,57.75
regenerative medical treatment,0,8,0%,81.88
easton regenerative medicine,0,8,0%,84.12
stem cell therapy spring tx,0,7,0%,22.14
stem cell therapy in the woodlands,0,7,0%,26
fredericksburg regenerative medicine,0,7,0%,34.43
regenerative wellness therapies houston,0,7,0%,44.14
regenerative biotherapeutics,0,7,0%,51.71
regenerative services,0,7,0%,52.57
regenerative therapeutics,0,7,0%,55.14
regenerative treatment pain,0,7,0%,57.71
regenerative therapy for joint pain,0,7,0%,60
select health pain & regenerative solutions,0,7,0%,60
regenerative biologics,0,7,0%,62.29
regenerative cellular therapy asheville,0,7,0%,64.29
regenerative cream,0,7,0%,67.14
regenerative therapy for pain,0,7,0%,67.43
stem cell therapy draper,0,7,0%,68.43
regenerative medicine chesterfield,0,7,0%,76.71
regenerative medicine irving,0,7,0%,76.71
the wellness company regenerate product,0,6,0%,17.5
revival stem cell,0,6,0%,19.67
regenitive,0,6,0%,26.5
advanced regenerative therapy,0,6,0%,33.83
regenerate therapy,0,6,0%,40.5
stem recovery,0,6,0%,50.17
regenerative medicine carrollton,0,6,0%,58.33
regenerations,0,6,0%,59.83
radical regeneration,0,6,0%,60.83
healing regeneration,0,6,0%,62.67
regenerative medicine grapevine,0,6,0%,65
regenerative company,0,6,0%,66
regenerative medicine roseville,0,6,0%,66.17
regenerative revolution,0,6,0%,70
regenerative medicine noblesville,0,6,0%,80.83
limitless regenerative,0,5,0%,20
the woodlands regenerative medicine,0,5,0%,23.4
regeneration news,0,5,0%,41.2
regenerating lives,0,5,0%,43.4
stem cell therapy tempe,0,5,0%,50.4
regenerative stem cells,0,5,0%,52.6
regenerative medical supplies online,0,5,0%,54.8
regeneratives training,0,5,0%,58
the regenerative clinic,0,5,0%,59.6
"stem cells for regeneration st. croix, us vi",0,5,0%,61.2
regenerative medicine twin cities,0,5,0%,61.8
stem cell therapy davidson,0,5,0%,65.6
regenerative pain therapy,0,5,0%,71
cellular-level healing for joints,0,5,0%,71.4
regenerative treatments,0,5,0%,72
rapid cellular regeneration,0,5,0%,72.8
regenerative healing solutions,0,5,0%,75.8
regenerative medicine clearwater,0,5,0%,78.4
regenerative medicine springfield,0,5,0%,82.4
regenerative medicine warren,0,5,0%,86.8
regenerative medicine for hand pain,0,5,0%,87.4
regenerative care benefits,0,5,0%,91
regenerative physical,0,5,0%,93
regeneration,0,4,0%,1
which providers offer customizable regenerative treatment plans?,0,4,0%,2.25
the regenerative project,0,4,0%,9.5
"regenerative medicine today st. croix, us vi",0,4,0%,18.25
cellular healing therapy tempe,0,4,0%,33
regenerative health practitioner,0,4,0%,37.5
regenerative nutrition supplements,0,4,0%,37.5
regenerative medicine doctor suttons bay,0,4,0%,41.25
regenerative group,0,4,0%,43.75
rapid cell regeneration,0,4,0%,49
sage revive,0,4,0%,51
stem cell therapy texas springs,0,4,0%,51
stem cell regenerative,0,4,0%,51.25
regenerative wellness center washington mo,0,4,0%,51.5
regenerative medicine in huntington,0,4,0%,51.75
cellular regeneration irving,0,4,0%,53.5
regenerative medicine sugar land,0,4,0%,55.75
regenerative health system,0,4,0%,57.25
regenerative medicine in greenbelt,0,4,0%,57.75
dallas regenerative solutions,0,4,0%,58.25
regenerative medicine hampton,0,4,0%,62.75
the regenerative institute,0,4,0%,65
regenerative medicine arlington,0,4,0%,65.5
regenerative protein array,0,4,0%,70.5
regenerative biological treatment,0,4,0%,70.75
regenerative medicine dayton,0,4,0%,70.75
regenerative medicine murfreesboro,0,4,0%,74.25
regenerative medicine in foley,0,4,0%,79.75
natural way to boost energy level,0,4,0%,80
stem cell therapy queens,0,4,0%,84
regenerative medicine benefits,0,4,0%,85.5
can regenerative medicine help arthritis,0,4,0%,86.75
regenerative therapies sarasota,0,4,0%,87
regenerative treatment bellevue,0,4,0%,87.25
regenerative healthcare,0,4,0%,92
"regenerative medicine fort worth,texas",0,4,0%,93
regenerative medicine in woodwardville,0,3,0%,19.33
"stem cell therapy manvel, tx",0,3,0%,25.33
instant regeneration,0,3,0%,27.33
cell revival,0,3,0%,31.67
cell revival supplement,0,3,0%,32
revive regenerative medicine,0,3,0%,35
regenerative medicine in coralville ia,0,3,0%,36.33
"stem cell therapy clinic manvel, tx",0,3,0%,36.67
chronic inflammation regenerative therapy,0,3,0%,37.67
regenerative treatment guide,0,3,0%,38
regenerante,0,3,0%,42
stem cell therapy minneapolis,0,3,0%,42.33
leading authority in stem cell therapy longwood,0,3,0%,42.67
regenerative medicine corktown detroit mi,0,3,0%,45
stem cell regenerator,0,3,0%,46
stem cell therapy minnesota,0,3,0%,46
stem cell therapy in golden valley minnesota,0,3,0%,46.67
cell rejuvenation davenport,0,3,0%,48
stem cell therapy cedar rapids,0,3,0%,50.33
"regenerative medicine des moines, ia",0,3,0%,51.33
the regenerative institute spokane,0,3,0%,51.33
regeneration healing,0,3,0%,53.33
regenerative medical equipment,0,3,0%,53.33
genovations regen,0,3,0%,54.67
celebration stem cell,0,3,0%,58.67
regenerative medicine products in usa,0,3,0%,59.33
cellular regeneration therapy lisle il,0,3,0%,59.67
optimal pain & regenerative medicine,0,3,0%,59.67
is regenerative medicine legit,0,3,0%,60.67
regenerative cells,0,3,0%,62.33
regenerative technology,0,3,0%,62.67
regenerative medicine franchise,0,3,0%,63.33
regeneration companies,0,3,0%,64.33
stem cell therapy wellington,0,3,0%,66.67
regenerative medicine buffalo,0,3,0%,67
buffalo regenerative medicine,0,3,0%,67.33
regenerative cellular therapy fort worth,0,3,0%,67.33
stem cell therapy denton,0,3,0%,67.33
regenerative medicine in huntington beach,0,3,0%,69
regenerative medicine treatment champlin mn,0,3,0%,70.33
regenerative medicine therapy lisle il,0,3,0%,71.33
cell recovery,0,3,0%,74
regenerative medicine new haven,0,3,0%,74
regenerative longevity therapy irving,0,3,0%,74.33
regenerative medicine akron,0,3,0%,74.33
stem cell therapy ebensburg,0,3,0%,74.67
joint regeneration therapy,0,3,0%,77
regenerative medicine columbus,0,3,0%,77.67
regenerative medicine salt lake city,0,3,0%,77.67
stem cell therapy carrollton,0,3,0%,78.33
what is regeneration therapy,0,3,0%,78.67
regenerative medicine modesto,0,3,0%,80.67
matrix regeneration,0,3,0%,83
non-surgical regenerative therapy salem,0,3,0%,83.33
regenerative tissue therapy,0,3,0%,84
regenerative medicine pembroke pines,0,3,0%,85
regain energy,0,3,0%,90.33
regenerative medicine saint paul,0,3,0%,92.67
what is stem cell regeneration,0,3,0%,93.33
regenerative treatments for athletes,0,3,0%,98.33
advancedregenhealth.com owner,0,2,0%,9
kefah mazloum,0,2,0%,12.5
regenerativer,0,2,0%,12.5
medical revival,0,2,0%,18
regenerative joint,0,2,0%,22.5
pure cell new life,0,2,0%,23
regenerative immortality,0,2,0%,25
stem cell therapy the woodlands tx,0,2,0%,26.5
revive stem cell,0,2,0%,28
regenerative cellular tissue winter park,0,2,0%,29
amplified wellness minnesota,0,2,0%,30.5
regenerative stem cell,0,2,0%,32.5
regenerative medicine treatment palo alto,0,2,0%,33
regernerative,0,2,0%,33
leading authority in stem cell therapy frisco,0,2,0%,34
regeneratives,0,2,0%,35
regenerative aesthetics in hutchinson mn,0,2,0%,36.5
regenerative pemf therapy lexington,0,2,0%,37
regenerative medicine round rock,0,2,0%,37.5
regenerative medicine experts,0,2,0%,40
regenerative medicine marketing texas,0,2,0%,40.5
regenerative treatment in usa,0,2,0%,40.5
regenerative medicine marketing houston,0,2,0%,41.5
health revival,0,2,0%,42
life regenerate,0,2,0%,45.5
regenerating tissue,0,2,0%,45.5
regenerative nutrition,0,2,0%,45.5
how many regenerations has the master had,0,2,0%,46
regenerating energy,0,2,0%,46.5
muscle revival,0,2,0%,47
regenerative medicine doctor fenton,0,2,0%,47
regenerative medicine allentown,0,2,0%,50.5
regenerating stem cells,0,2,0%,51
true regeneration,0,2,0%,52
regen stem cell,0,2,0%,52.5
generational revival,0,2,0%,53
regenerative medicine stamford,0,2,0%,54.5
regenerative medicine youngstown,0,2,0%,55
regenerate tissue,0,2,0%,55.5
stem cells regeneration,0,2,0%,58
stem cells for regeneration,0,2,0%,58.5
regenerative sciences texas,0,2,0%,59
fusion regenerative therapies,0,2,0%,60
regenerative durham nc,0,2,0%,60
regenerative bio,0,2,0%,62.5
regenerative medicine hollywood,0,2,0%,63
promote cell regeneration,0,2,0%,64
regenerative medicine wayne county,0,2,0%,64
optimal pain and regenerative medicine,0,2,0%,64.5
regenerative medicine charlotte,0,2,0%,64.5
what is amplified wellness,0,2,0%,64.5
vitti pure regenerative therapy,0,2,0%,65
regenerative health solutions in houston,0,2,0%,65.5
regenerative rehabilitation,0,2,0%,67.5
boca raton cellular regeneration,0,2,0%,68
recovery regeneration,0,2,0%,69
regenerative cell treatment,0,2,0%,70.5
regenerative medicine problems,0,2,0%,71.5
stem cell and regenerative medicine,0,2,0%,73.5
regenerative cell therapy lisle il,0,2,0%,74
regenerative medicine moreno valley,0,2,0%,74
regenerative medicine plano tx,0,2,0%,74
regenerative medicine berkley mi,0,2,0%,74.5
regenerative medicine pasadena,0,2,0%,76
regenerative medicine wellington,0,2,0%,76.5
stem cell winter park regenerative,0,2,0%,76.5
stem cell therapy recovery,0,2,0%,77
regenerative medicine distributor pa,0,2,0%,77.5
joint rejuvenation therapy,0,2,0%,78
regenerative medicine cape coral,0,2,0%,78.5
regenerative/restorative care examples,0,2,0%,79.5
regenerative medicine frisco,0,2,0%,80.5
joint regenerative medicine,0,2,0%,82.5
regenerative health johns creek,0,2,0%,82.5
regenerative wellness summer,0,2,0%,82.5
how to naturally boost energy,0,2,0%,84.5
regenerative medicine greensboro,0,2,0%,85
austin regenerative medicine,0,2,0%,85.5
regeneration lab,0,2,0%,86.5
regenerative physiotherapy,0,2,0%,86.5
regenerative medicine cedar rapids,0,2,0%,87
regenerative therapy treatment plan,0,2,0%,87
how to boost your body energy,0,2,0%,89.5
"regenerative medicine mckinney, tx",0,2,0%,91
regenerative medicine st. petersburg,0,2,0%,91.5
regenerative medicine brooklyn,0,2,0%,94
regenerative medicine albemarle county,0,2,0%,100
erectile dysfunction massage therapist near me,0,1,0%,1
nature of business,0,1,0%,1
sexual satisfaction houston,0,1,0%,1
sexual wellness houston,0,1,0%,1
sexual wellness spring tx,0,1,0%,1
what is regenerative revival,0,1,0%,1
what else,0,1,0%,3
stem cell makeovers pottsville pa,0,1,0%,6
how to find specialists in next-generation therapies for medical conditions,0,1,0%,7
yes regenerate,0,1,0%,7
regenerativecelltherapysolutions.com email and owner,0,1,0%,8
the regenerative joint,0,1,0%,9
revive regenerative medicine reviews,0,1,0%,11
regenerative replication,0,1,0%,14
adam berge,0,1,0%,15
regeneractive,0,1,0%,15
body revival technique,0,1,0%,19
timelys zell regeneration lifestyle,0,1,0%,23
regenerative medicine lubbock,0,1,0%,24
vitality revival,0,1,0%,24
regeneration usa products,0,1,0%,25
regenative,0,1,0%,26
green valley naturals stem cell restore,0,1,0%,28
mn regenerative,0,1,0%,28
regenerative therapy winter park,0,1,0%,29
"stem cell manvel, tx",0,1,0%,29
vitality now stem cell renew,0,1,0%,29
material regeneration pathway provider,0,1,0%,31
stem cell therapy corpus christi,0,1,0%,31
stem cell therapy grand prairie,0,1,0%,31
"stem cell treatment manvel, tx",0,1,0%,31
regenerative therapy brenham tx,0,1,0%,32
regenerative treatment park ridge,0,1,0%,32
revival healing,0,1,0%,32
regeneration usa,0,1,0%,33
"regenerative medicine articles manvel, tx",0,1,0%,33
regenerative cellular tissue longwood,0,1,0%,34
stem cell regenerative potential,0,1,0%,34
total regeneration,0,1,0%,34
regenerate 2024,0,1,0%,35
reparative regeneration,0,1,0%,36
regenerative medicine in macomb county,0,1,0%,38
regenerate band,0,1,0%,39
regenerative cell therapy longwood,0,1,0%,39
regenerative medicine mesquite,0,1,0%,39
self regenerative,0,1,0%,39
"regenerative medicine therapy friendswood, tx",0,1,0%,40
"leading authority in regenerative medicine sarasota, fl",0,1,0%,41
jacob regeneration real name,0,1,0%,42
regenerative medicine summerville,0,1,0%,42
regenerative health in houston,0,1,0%,43
regenerative human tour,0,1,0%,43
regenerative medicine wesley chapel,0,1,0%,43
regenerative joint treatment,0,1,0%,44
"stem cell injections manvel, tx",0,1,0%,44
re-gen active lab,0,1,0%,45
"regenerative medicine treatment manvel, tx",0,1,0%,45
carrollton regenerative medicine,0,1,0%,46
cell revita,0,1,0%,46
regen stem cells,0,1,0%,46
regeneratio,0,1,0%,46
regenerative medicine doctor near me traverse city,0,1,0%,46
regenerative medicine doctor wellington,0,1,0%,46
regenerative medicine supplies,0,1,0%,46
role of stem cells in regeneration,0,1,0%,46
leading authority in stem cell therapy lake mary,0,1,0%,47
leading authority in stem cell treatment longwood,0,1,0%,47
legacy pain and regenerative medicine,0,1,0%,47
regenerative medicine in fairwood,0,1,0%,47
"regenerative medicine therapy manvel, tx",0,1,0%,47
regenerative medicine in north liberty,0,1,0%,48
stem cell therapy tyler tx,0,1,0%,48
regenerative medicine doctor hobe sound,0,1,0%,49
regenerative medicine of iowa,0,1,0%,49
rrg stem cells,0,1,0%,49
wharton’s jelly near me,0,1,0%,49
rws regenerative medicine,0,1,0%,50
regenerative health,0,1,0%,52
cellular regeneration therapy hinsdale il,0,1,0%,53
lifestem regenerative medicine,0,1,0%,53
regenerate cell,0,1,0%,53
regenerative medicine abuja,0,1,0%,53
regeneration treatment,0,1,0%,54
regenerative foundation,0,1,0%,54
regenerative medicine therapy woodridge il,0,1,0%,54
regenerative medicine sterling heights,0,1,0%,55
regenerative pain,0,1,0%,55
rep treatment,0,1,0%,55
fluid revival,0,1,0%,56
genesis regenerative,0,1,0%,56
regener,0,1,0%,56
regeneration society,0,1,0%,56
regeneration cell therapy,0,1,0%,57
regeneration through exercise,0,1,0%,57
regenerative arthritis treatment,0,1,0%,58
regenerative medicine odessa,0,1,0%,58
regenerative wellness huntington,0,1,0%,59
how to boost your body,0,1,0%,60
rejuvenate stem cells,0,1,0%,60
regenerative cell therapy woodridge il,0,1,0%,61
regenerative logo,0,1,0%,61
regenerative medicine sherman,0,1,0%,61
cell restoration,0,1,0%,62
regen medicine expert,0,1,0%,62
regenerative medicine beaumont,0,1,0%,62
regenerative medicine brandon,0,1,0%,62
stem cell therapy bluffdale ut,0,1,0%,62
winter park regenerative wellness,0,1,0%,62
regenerate group,0,1,0%,63
regenerative medicine stamford ct,0,1,0%,63
stem cell therapy fargo,0,1,0%,64
stem cell therapy muscle repair,0,1,0%,64
american regenerative clinic,0,1,0%,65
regenerative medicine in upper fells point,0,1,0%,65
cellebration,0,1,0%,66
regenerative research,0,1,0%,67
regenerative medicine gilbert,0,1,0%,68
regenerative cell therapy la grange il,0,1,0%,69
regenerative medicine amarillo,0,1,0%,69
cellular regeneration therapy la grange il,0,1,0%,70
cell regen,0,1,0%,71
cellular regeneration therapy woodridge il,0,1,0%,71
new regeneration,0,1,0%,71
regenerative medicine stuart,0,1,0%,72
stem cell regeneration therapy,0,1,0%,72
what is regenerative therapy for pain,0,1,0%,72
how are stem cells involved in the process of regeneration,0,1,0%,73
regenerative medicine midland,0,1,0%,73
regenerative medicine canton ma,0,1,0%,74
advance regeneration,0,1,0%,75
regenerative medicine lakewood ranch,0,1,0%,75
the miracle of regenerative medicine,0,1,0%,75
regen treatment,0,1,0%,76
reparative treatments,0,1,0%,76
cellular regeneration therapy burr ridge il,0,1,0%,77
does stem cell renew work,0,1,0%,77
regenerative therapy in dallas,0,1,0%,77
stem cell therapy milwaukee,0,1,0%,77
wellspring regenerative medicine,0,1,0%,77
cellular regeneration technique,0,1,0%,78
regeneration technology,0,1,0%,78
regenerative supplements,0,1,0%,78
stem cell recovery,0,1,0%,78
life regenerative medicine inc.,0,1,0%,79
regenerative medicine specialist fort worth,0,1,0%,79
regenerative medicine tacoma,0,1,0%,79
regenerative restorative care examples,0,1,0%,79
regenerative therapy fresno,0,1,0%,80
generative tissue,0,1,0%,83
zephyrhills regenerative medicine,0,1,0%,83
how to naturally gain energy,0,1,0%,84
how to revamp your life,0,1,0%,84
regenerative institute spokane,0,1,0%,84
regenerative pharma,0,1,0%,84
boca raton regeneration clinic,0,1,0%,85
charlotte regenerative medicine,0,1,0%,85
regenerative medicine doctor fort worth,0,1,0%,86
regenerative medicine in charles village,0,1,0%,86
regenerative medicine in new carrollton,0,1,0%,86
how to naturally boost your energy,0,1,0%,87
regenerative products,0,1,0%,87
rocky mountain regenerative medicine,0,1,0%,87
regenerative medicine specialist pasadena,0,1,0%,88
regenerative medicine wellesley,0,1,0%,88
cellular regeneration support tools,0,1,0%,89
regenerative medicine charlottesville,0,1,0%,89
regenerative medicine specialist sarasota,0,1,0%,89
regenerative stem cell treatment,0,1,0%,89
regenerative injections rapid city,0,1,0%,91
regenerative medicine sacramento,0,1,0%,91
ways to naturally boost energy,0,1,0%,91
iv therapy regenerative tissue products supplier,0,1,0%,92
revivial,0,1,0%,92
minneapolis regenerative medicine,0,1,0%,93
regenerative medicine grand rapids,0,1,0%,93
regenerative medicine lafayette,0,1,0%,93
john t lyle center for regenerative studies,0,1,0%,94
regenerative medicine coral springs,0,1,0%,94
regenerative medicine louisville,0,1,0%,94
regenerative medicine virginia beach,0,1,0%,94
regenerative arts,0,1,0%,95
regenerative medicine milford mi,0,1,0%,95
regenerative recovery devices,0,1,0%,95
post-procedure recovery regenerative tissue products supplier,0,1,0%,97
what is the biggest problem with regenerative medicine?,0,1,0%,97
regenerative clinic cambridge,0,1,0%,98
regenerative medicine mason,0,1,0%,98
regenerative medicine bedford tx,0,1,0%,99
regenerative medicine henderson,0,1,0%,99
stem cell therapy boca raton,0,1,0%,99
best regenerative therapy for osteoarthritis,0,1,0%,100
regenerative institute,0,1,0%,100