Top pages,Clicks,Impressions
https://regenerativerevival.com/,2358,45066
https://regenerativerevival.com/about/,597,9508
https://regenerativerevival.com/why-stem-cells/,101,4341
https://regenerativerevival.com/services/,93,3870
https://regenerativerevival.com/contact/,71,3499
https://regenerativerevival.com/how-does-tirzepatide-work/,55,60238
https://regenerativerevival.com/products/,37,3389
https://regenerativerevival.com/selank-peptide-discover-the-power-of-your-brain-and-well-being/,28,6806
https://regenerativerevival.com/beyond-muscle-growth-how-mk-677-enhances-sleep-and-overall-health/,20,13179
https://regenerativerevival.com/your-brains-potential-the-science-and-benefits-of-semax-at-regenerative-revival/,20,9252
https://regenerativerevival.com/discover-the-breakthrough-world-of-peptide-therapy/,20,1665
https://regenerativerevival.com/home-2/,20,891
https://regenerativerevival.com/how-to-enhance-your-workout-recovery-with-stem-cell-therapy/,15,1771
https://regenerativerevival.com/dihexa-the-ultimate-peptide-for-brain-health/,14,4540
https://regenerativerevival.com/news/,14,2086
https://regenerativerevival.com/the-ultimate-guide-to-managing-joint-pain-with-regenerative-therapies/,13,1944
https://regenerativerevival.com/conditions/,12,615
https://regenerativerevival.com/ourlocation/,11,1207
https://regenerativerevival.com/why-exosomes/,11,1066
https://regenerativerevival.com/consultation/,5,1419
https://regenerativerevival.com/can-metformin-truly-slow-down-the-aging-process/,4,624
https://regenerativerevival.com/bpc-157-peptide-therapy-for-gut-health/,3,3848
https://regenerativerevival.com/how-to-choose-the-right-regenerative-medicine-provider-for-your-needs/,3,262
https://regenerativerevival.com/testimonials/,3,213
https://regenerativerevival.com/knee-pain-regenerative-therapy/,3,137
https://regenerativerevival.com/category/stem-cells/,3,122
https://regenerativerevival.com/stem-cell-therapy-for-hip-and-joint-pain-stem-cell-treatment-center-the-woodlands-texas/,2,6051
https://regenerativerevival.com/sexualwellness/,2,3170
https://regenerativerevival.com/research/,2,246
https://regenerativerevival.com/disclaimer/,2,205
https://regenerativerevival.com/author/johnlaydesigns-com/,2,81
https://regenerativerevival.com/how-to-maximize-your-healing-potential-with-advanced-stem-cell-treatments/,2,32
https://regenerativerevival.com/bpc-157-for-gut-health/,1,1101
https://regenerativerevival.com/privacy-policy/,1,188
https://regenerativerevival.com/tag/aod-9604-for-weight-loss/,1,99
https://regenerativerevival.com/faq/,1,98
https://regenerativerevival.com/hip-pain/,1,96
https://regenerativerevival.com/doctors/,1,92
https://regenerativerevival.com/understanding-whartons-jelly-what-it-is-and-how-it-benefits-your-treatment/,1,84
https://regenerativerevival.com/lower-back-pain/,1,80
https://regenerativerevival.com/maximizing-the-benefits-of-regenerative-medicine-tips-for-optimal-results/,1,65
https://regenerativerevival.com/category/stem-cells/page/3/,1,28
https://regenerativerevival.com/wp-content/uploads/2022/03/CARV-Semaglutide-Slides-PDF.pdf,1,15
https://regenerativerevival.com/tag/acoustic-wave-therapy-for-ed/,1,13
https://regenerativerevival.com/navigating-semaglutide-a-definitive-guide-and-where-to-buy-online-with-confidence/,0,3840
https://regenerativerevival.com/treating-fibromyalgia-symptoms-with-stem-cell-therapy-pain-relief-treatment-center-in-the-woodlands/,0,3170
https://regenerativerevival.com/the-priapus-shot-enhance-your-sexual-performance-and-reduce-symptoms-of-erectile-dysfunction/,0,2661
https://regenerativerevival.com/aod-9604-for-weight-loss-enhanced-well-being/,0,1746
https://regenerativerevival.com/how-does-semaglutide-work/,0,1422
https://regenerativerevival.com/sermorelin-peptide-the-new-wave-of-youthful-vitality/,0,1115
https://regenerativerevival.com/regenerative-medicine-clinic-for-shoulder-pain-and-bursitis-pain-the-woodlands-texas/,0,1105
https://regenerativerevival.com/sexual-health-acoustic-wave-therapy-for-erectile-dysfunction/,0,1023
https://regenerativerevival.com/stem-cell-treatments-vs-hip-replacement-which-treatment-is-better-stem-cell-treatment-center-for-knee-pain-the-woodlands-texas/,0,949
https://regenerativerevival.com/experience-enhanced-sexual-performance-with-acoustic-wave-therapy-erectile-dysfunction-treatment-center-in-the-woodlands/,0,888
https://regenerativerevival.com/neuropathy-improve-your-vitality-with-our-non-surgical-neuropathy-treatments/,0,598
https://regenerativerevival.com/experiencing-femoral-neuropathy-our-knee-pain-treatment-center-in-the-woodlands-can-help-you-find-effective-relief/,0,585
https://regenerativerevival.com/from-fat-to-fit-how-bioelectrical-impedance-analysis-can-help-you-lose-weight/,0,530
https://regenerativerevival.com/tirzepatide-faq/,0,509
https://regenerativerevival.com/acoustic-wave-therapy-for-ed-revolutionizing-mens-sexual-health-wellness/,0,458
https://regenerativerevival.com/tag/priapus-shot-for-ed-in-the-woodlands/,0,446
https://regenerativerevival.com/expert-tips-for-choosing-the-right-regenerative-medicine-provider/,0,380
https://regenerativerevival.com/10-tips-to-naturally-boost-your-energy-and-performance/,0,378
https://regenerativerevival.com/rotator-cuff-and-chronic-pain-therapy-ask-about-stem-cell-treatments-prp-treatment-center-the-woodlands-tx/,0,295
https://regenerativerevival.com/rotator-cuff-and-shoulder-pain-injury-how-stemcell-treatment-can-prevent-surgery/,0,287
https://regenerativerevival.com/tag/chronic-pain-treatment-center-the-woodlands-texas/,0,275
https://regenerativerevival.com/tag/stem-cell-therapy-clinic-the-woodlands-texas/,0,254
https://regenerativerevival.com/tag/erectile-dysfunction-treatment-center/,0,253
https://regenerativerevival.com/why-men-are-turning-to-acoustic-wave-therapy-for-ed-process-cost-benefits-treatment-results-erectile-dysfunction-treatment-center/,0,246
https://regenerativerevival.com/gallery/modern-clinic-6/,0,239
https://regenerativerevival.com/5-common-misconceptions-about-regenerative-medicine-debunked/,0,207
https://regenerativerevival.com/shoulder-pain-regenerative-therapy/,0,184
https://regenerativerevival.com/increase-your-sexual-performance-safely-and-effective-with-acoustic-wave-therapy-at-the-woodlands-texas-medical-center/,0,172
https://regenerativerevival.com/how-tissue-derived-allograft-therapy-can-reduce-hip-pain-and-help-you-lead-an-active-lifestyle-pain-management-center-in-the-woodlands-texas/,0,158
https://regenerativerevival.com/sermorelin-peptide/,0,132
https://regenerativerevival.com/acoustic-wave-ed-therapy-sexual-wellness/,0,132
https://regenerativerevival.com/can-stem-cell-therapy-help-manage-your-pain-symptoms-stem-cell-therapy-the-woodlands-texas/,0,127
https://regenerativerevival.com/tag/knee-pain-treatment-in-the-woodlands/,0,127
https://regenerativerevival.com/tag/sexual-wellness-center-texas/,0,124
https://regenerativerevival.com/you-can-lose-weight-with-tirzepatide/,0,123
https://regenerativerevival.com/articles/,0,111
https://regenerativerevival.com/tag/zepbound/,0,105
https://regenerativerevival.com/tag/tirzepatide-for-weight-loss/,0,99
https://regenerativerevival.com/tag/aod-9604-for-weight-loss-dosage/,0,90
https://regenerativerevival.com/tag/aod-9604-for-weight-loss-results/,0,85
https://regenerativerevival.com/stem-cell-treatment-center-for-knee-pain-why-its-more-effective-than-surgery/,0,80
https://regenerativerevival.com/the-role-of-regenerative-medicine-in-joint-health/,0,77
https://regenerativerevival.com/tag/shoulder-pain-doctor-the-woodlands/,0,75
https://regenerativerevival.com/priapus-shot-for-ed/,0,75
https://regenerativerevival.com/the-role-of-growth-factors-in-regenerative-medicine/,0,62
https://regenerativerevival.com/terms-conditions/,0,54
https://regenerativerevival.com/financing/,0,50
https://regenerativerevival.com/tag/regenerative-medicine-products-the-woodland-texas/,0,44
https://regenerativerevival.com/tag/regenerative-medicine-for-foot-pain-the-woodlands-texas/,0,43
https://regenerativerevival.com/departments/medicine-4-2/,0,39
https://regenerativerevival.com/living-with-peripheral-neuropathy-turn-to-regenerative-treatments-in-texas-and-get-your-life-back/,0,36
https://regenerativerevival.com/top-7-benefits-of-whartons-jelly-stem-cell-therapy-for-chronic-pain/,0,32
https://regenerativerevival.com/tag/regenerative-medicine-for-ankle-pain-the-woodlands-texas/,0,26
https://regenerativerevival.com/tag/pain-management-center-the-woodlands-tx/,0,23
https://regenerativerevival.com/ipamorelin-cjc-1295-the-anti-aging-solution/,0,20
https://regenerativerevival.com/dont-let-your-shoulder-injury-keep-you-on-the-bench-any-longer-regenerative-medicine-center-for-rotator-cuff-pain-in-the-woodlands-tx/,0,20
https://regenerativerevival.com/signature-cord-therapy-what-ailments-it-can-treat-regenerative-medicine-products-the-woodlands-texas/,0,19
https://regenerativerevival.com/tag/weigh-loss-doctors/,0,18
https://regenerativerevival.com/acoustic-wave-therapy-for-ed-wave-goodbye-to-erectile-dysfunction/,0,18
https://regenerativerevival.com/departments/dental-care-4-2/,0,16
https://regenerativerevival.com/shoulder-or-rotator-cuff-pain/,0,16
https://regenerativerevival.com/category/news/page/2/,0,13
https://regenerativerevival.com/tag/selank/,0,8
https://regenerativerevival.com/tirzepatide-weight-loss/,0,8
https://regenerativerevival.com/doctors/dr-zinia-zara/,0,7
https://regenerativerevival.com/reach-peak-athletic-performance-with-tissue-derived-allograft-therapy-for-your-acute-shoulder-injury/,0,7
https://regenerativerevival.com/tag/stem-cell-treatment-center-the-woodland-texas/,0,7
https://regenerativerevival.com/5-ways-to-improve-your-quality-of-life-with-non-invasive-pain-relief/,0,6
https://regenerativerevival.com/category/news/,0,5
https://regenerativerevival.com/departments/hepatology/,0,5
https://regenerativerevival.com/departments/dental-care-4/,0,5
https://regenerativerevival.com/intake-form/,0,4
https://regenerativerevival.com/how-to-prepare-for-your-regenerative-medicine-consultation/,0,4
https://regenerativerevival.com/pre-screen/,0,3
https://regenerativerevival.com/category/news/page/5/,0,3
https://regenerativerevival.com/regenerative-medicine-for-foot-pain-why-its-a-better-alternative-than-surgery-pain-management-center-the-woodlands-texas/,0,3
https://regenerativerevival.com/tag/peptide-therapy/,0,2
https://regenerativerevival.com/semaglutide-faq/,0,2
https://regenerativerevival.com/tag/male-enhancement-doctor-in-the-woodlands/,0,2
https://regenerativerevival.com/departments/diabetes/,0,1
https://regenerativerevival.com/departments/pediatrics/,0,1
https://regenerativerevival.com/covid-19-immunity-payment-99/,0,1