Top pages,Clicks,Impressions,CTR,Position
https://regenerativerevival.com/,871,8020,10.86%,38.34
https://regenerativerevival.com/about/,276,4155,6.64%,12.22
https://regenerativerevival.com/why-stem-cells/,50,2251,2.22%,16.92
https://regenerativerevival.com/services/,46,1875,2.45%,2.18
https://regenerativerevival.com/contact/,39,1686,2.31%,2.1
https://regenerativerevival.com/the-ultimate-guide-to-managing-joint-pain-with-regenerative-therapies/,12,1755,0.68%,29.2
https://regenerativerevival.com/news/,10,1117,0.90%,2.63
https://regenerativerevival.com/home-2/,6,315,1.90%,4.83
https://regenerativerevival.com/how-to-enhance-your-workout-recovery-with-stem-cell-therapy/,5,642,0.78%,27.68
https://regenerativerevival.com/why-exosomes/,4,376,1.06%,2.17
https://regenerativerevival.com/how-to-choose-the-right-regenerative-medicine-provider-for-your-needs/,1,44,2.27%,8.05
https://regenerativerevival.com/category/stem-cells/page/3/,1,28,3.57%,7.68
https://regenerativerevival.com/author/johnlaydesigns-com/,1,16,6.25%,6.62
https://regenerativerevival.com/how-to-maximize-your-healing-potential-with-advanced-stem-cell-treatments/,1,14,7.14%,11.79
https://regenerativerevival.com/expert-tips-for-choosing-the-right-regenerative-medicine-provider/,0,230,0%,10.35
https://regenerativerevival.com/10-tips-to-naturally-boost-your-energy-and-performance/,0,162,0%,36.06
https://regenerativerevival.com/category/stem-cells/,0,44,0%,6.75
https://regenerativerevival.com/disclaimer/,0,39,0%,5.44
https://regenerativerevival.com/5-common-misconceptions-about-regenerative-medicine-debunked/,0,39,0%,34.38
https://regenerativerevival.com/the-role-of-regenerative-medicine-in-joint-health/,0,39,0%,83.03
https://regenerativerevival.com/terms-conditions/,0,32,0%,5.94
https://regenerativerevival.com/privacy-policy/,0,28,0%,7.36
https://regenerativerevival.com/understanding-whartons-jelly-what-it-is-and-how-it-benefits-your-treatment/,0,28,0%,20.14
https://regenerativerevival.com/maximizing-the-benefits-of-regenerative-medicine-tips-for-optimal-results/,0,20,0%,14.6
https://regenerativerevival.com/the-role-of-growth-factors-in-regenerative-medicine/,0,17,0%,13.12
https://regenerativerevival.com/sexualwellness/,0,5,0%,1
https://regenerativerevival.com/how-to-prepare-for-your-regenerative-medicine-consultation/,0,4,0%,10.25
https://regenerativerevival.com/top-7-benefits-of-whartons-jelly-stem-cell-therapy-for-chronic-pain/,0,4,0%,12.75