"#";"Url";"Type";"Anchor";"No-follow";"Google cachedate";"SEMrush backlinks"
"1";"https://mdfx.regenerativerevival.com/";"image";"Regenerative Revival";"No";"?";"?"
"";"";"text";"Home";"No"
"";"";"form";"";"No"
"2";"https://mdfx.regenerativerevival.com/about/";"text";"About";"No";"?";"?"
"3";"https://mdfx.regenerativerevival.com/services/";"text";"Services";"No";"?";"0"
"4";"https://mdfx.regenerativerevival.com/why-exosomes/";"text";"Why Exosomes?";"No";"?";"0"
"5";"https://mdfx.regenerativerevival.com/why-stem-cells/";"text";"Why Stem Cells?";"No";"?";"?"
"6";"https://mdfx.regenerativerevival.com/news/";"text";"News";"No";"?";"0"
"7";"https://mdfx.regenerativerevival.com/contact/";"text";"Contact";"No";"?";"?"
"8";"https://mdfx.regenerativerevival.com/author/johnlaydesigns-com/";"text";"john@laydesigns.com";"No";"?";"0"
"9";"https://mdfx.regenerativerevival.com/category/stem-cells/";"text";"Stem Cells";"No";"?";"?"
"10";"https://mdfx.regenerativerevival.com/the-ultimate-guide-to-managing-joint-pain-with-regenerative-therapies/";"text";"Cancel reply";"Yes";"?";"0"
"";"";"text";"0 comments";"No"
"";"";"text";"The Ultimate Guide to Managing Joint Pain with Regenerative Therapies";"No"
"11";"https://mdfx.regenerativerevival.com/wp-comments-post.php";"form";"";"No";"?";"?"
"12";"https://mdfx.regenerativerevival.com/wp-admin/profile.php";"text";"Edit your profile";"No";"?";"?"
"";"";"text";"Howdy, brennen lesser";"No"
"";"";"text";"brennen lesser brennen Edit Profile";"No"
"13";"https://mdfx.regenerativerevival.com/wp-login.php?action=logout&redirect_to=https%3A%2F%2Fmdfx.regenerativerevival.com%2Fthe-ultimate-guide-to-managing-joint-pain-with-regenerative-therapies%2F&_wpnonce=26f075a31f";"text";"Log out?";"No";"?";"?"
"14";"https://mdfx.regenerativerevival.com/how-to-prepare-for-your-regenerative-medicine-consultation/";"text";"How to Prepare for Your Regenerative Medicine Consultation";"No";"?";"?"
"15";"https://mdfx.regenerativerevival.com/the-role-of-growth-factors-in-regenerative-medicine/";"text";"The Role of Growth Factors in Regenerative Medicine";"No";"?";"?"
"16";"https://mdfx.regenerativerevival.com/5-common-misconceptions-about-regenerative-medicine-debunked/";"text";"5 Common Misconceptions About Regenerative Medicine Debunked";"No";"?";"?"
"17";"https://mdfx.regenerativerevival.com/understanding-whartons-jelly-what-it-is-and-how-it-benefits-your-treatment/";"text";"Understanding Wharton’s Jelly: What It Is and How It Benefits Your Treatment";"No";"?";"?"
"18";"https://mdfx.regenerativerevival.com/how-to-choose-the-right-regenerative-medicine-provider-for-your-needs/";"text";"How to Choose the Right Regenerative Medicine Provider for Your Needs";"No";"?";"0"
"19";"https://mdfx.regenerativerevival.com/maximizing-the-benefits-of-regenerative-medicine-tips-for-optimal-results/";"text";"Maximizing the Benefits of Regenerative Medicine: Tips for Optimal Results";"No";"?";"?"
"20";"https://mdfx.regenerativerevival.com/the-role-of-regenerative-medicine-in-joint-health/";"text";"The Role of Regenerative Medicine in Joint Health";"No";"?";"?"
"21";"https://mdfx.regenerativerevival.com/how-to-maximize-your-healing-potential-with-advanced-stem-cell-treatments/";"text";"How to Maximize Your Healing Potential with Advanced Stem Cell Treatments";"No";"?";"0"
"22";"https://mdfx.regenerativerevival.com/expert-tips-for-choosing-the-right-regenerative-medicine-provider/";"text";"Expert Tips for Choosing the Right Regenerative Medicine Provider";"No";"?";"?"
"23";"https://mdfx.regenerativerevival.com/top-7-benefits-of-whartons-jelly-stem-cell-therapy-for-chronic-pain/";"text";"Top 7 Benefits of Wharton’s Jelly Stem Cell Therapy for Chronic Pain";"No";"?";"?"
"24";"https://mdfx.regenerativerevival.com/5-ways-to-improve-your-quality-of-life-with-non-invasive-pain-relief/";"text";"5 Ways to Improve Your Quality of Life with Non-Invasive Pain Relief";"No";"?";"?"
"25";"https://mdfx.regenerativerevival.com/how-to-enhance-your-workout-recovery-with-stem-cell-therapy/";"text";"How to Enhance Your Workout Recovery with Stem Cell Therapy";"No";"?";"0"
"26";"https://mdfx.regenerativerevival.com/10-tips-to-naturally-boost-your-energy-and-performance/";"text";"10 Tips to Naturally Boost Your Energy and Performance";"No";"?";"?"
"27";"https://mdfx.regenerativerevival.com/terms/";"text";"Terms & Conditions";"No";"?";"?"
"28";"https://mdfx.regenerativerevival.com/disclaimer/";"text";"Disclaimer";"No";"?";"?"
"29";"https://mdfx.regenerativerevival.com/privacy-policy/";"text";"Privacy Policy";"No";"?";"?"
"30";"https://mdfx.regenerativerevival.com/wp-admin/about.php";"text";"About WordPress";"No";"?";"?"
"31";"https://mdfx.regenerativerevival.com/wp-admin/contribute.php";"text";"Get Involved";"No";"?";"?"
"32";"https://mdfx.regenerativerevival.com/wp-admin/";"text";"Regenerative Revival";"No";"?";"?"
"";"";"text";"Dashboard";"No"
"33";"https://mdfx.regenerativerevival.com/wp-admin/plugins.php";"text";"Plugins";"No";"?";"0"
"34";"https://mdfx.regenerativerevival.com/wp-admin/themes.php";"text";"Themes";"No";"?";"?"
"35";"https://mdfx.regenerativerevival.com/wp-admin/widgets.php";"text";"Widgets";"No";"?";"?"
"36";"https://mdfx.regenerativerevival.com/wp-admin/nav-menus.php";"text";"Menus";"No";"?";"?"
"37";"https://mdfx.regenerativerevival.com/wp-admin/themes.php?page=custom-background";"text";"Background";"No";"?";"?"
"38";"https://mdfx.regenerativerevival.com/wp-admin/customize.php?url=https%3A%2F%2Fmdfx.regenerativerevival.com%2Fthe-ultimate-guide-to-managing-joint-pain-with-regenerative-therapies%2F&et_customizer_option_set=theme";"text";"Theme Customizer";"No";"?";"?"
"39";"https://mdfx.regenerativerevival.com/wp-admin/update-core.php";"text";"2 2 updates available";"No";"?";"?"
"40";"https://mdfx.regenerativerevival.com/wp-admin/edit-comments.php";"text";"0 0 Comments in moderation";"No";"?";"?"
"41";"https://mdfx.regenerativerevival.com/wp-admin/post-new.php";"text";"New";"No";"?";"?"
"";"";"text";"Post";"No"
"42";"https://mdfx.regenerativerevival.com/wp-admin/media-new.php";"text";"Media";"No";"?";"?"
"43";"https://mdfx.regenerativerevival.com/wp-admin/post-new.php?post_type=page";"text";"Page";"No";"?";"?"
"44";"https://mdfx.regenerativerevival.com/wp-admin/post-new.php?post_type=project";"text";"Project";"No";"?";"?"
"45";"https://mdfx.regenerativerevival.com/wp-admin/user-new.php";"text";"User";"No";"?";"?"
"46";"https://mdfx.regenerativerevival.com/wp-admin/post.php?post=140&action=edit";"text";"Edit Post";"No";"?";"?"
"47";"https://mdfx.regenerativerevival.com/the-ultimate-guide-to-managing-joint-pain-with-regenerative-therapies/?et_fb_activation_nonce=69901f24a5";"text";"Enable Visual Builder";"No";"?";"?"
"48";"https://mdfx.regenerativerevival.com/wp-login.php?action=logout&_wpnonce=26f075a31f";"text";"Log Out";"No";"?";"?"