PRODUCT UPLOAD  ·  Master Formulation Sheet,,,,,,,,,,,,,,,,,,,
One row per product. Fill in all available fields — leave blank anything unknown. Do not guess formulation details.,,,,,,,,,,,,,,,,,,,
productSource,clinic,productName,displayName,productId,category,subCategory,drugForm,drugStrength,directions,refills,deaSchedule,quantityUnitOfMeasure,rxQty,daysSupply,refrigerationType,price,vendorCost,encounterRequired,requireLabs
Greenwich,Regenerative Revival,Wiz - BPC-157 3MG/ML (3 Month Supply),BPC-157 - 3 Month Supply,123213,Peptides,Injectable,injection,3mg/mL,"Inject 20 units subcutaneously once daily in the morning for 5 days on, followed by 2 days off.",1,Unspecified,Injectable,15mL,105,Refrigerated,1,1,,
Greenwich,Regenerative Revival,Wiz - BPC-157/GHK-Cu/KPV/TB500 3mg/10mg/3mg/3mg/mL (3 Month Supply),BPC-157/GHK-Cu/KPV/TB500 - 3 Month Supply,123214,Peptides,Injectable,injection,3mg/10mg/3mg/3mg/mL,"Inject 20 units subcutaneously once daily in the morning for 5 days on, followed by 2 days off.",1,Unspecified,Injectable,15mL,105,Refrigerated,1,1,,
Greenwich,Regenerative Revival,Wiz - BPC-157/KPV/TB500 3mg/3mg/3mg/mL (3 Month Supply),BPC-157/KPV/TB500 - 3 Month Supply,123215,Peptides,Injectable,injection,3mg/3mg/3mg/mL,"Inject 20 units subcutaneously once daily in the morning for 5 days on, followed by 2 days off.",1,Unspecified,Injectable,15mL,105,Refrigerated,1,1,,
Greenwich,Regenerative Revival,Wiz - BPC-157/TB500 3mg/3mg/mL (3 Month Supply),BPC-157/TB500 - 3 Month Supply,123216,Peptides,Injectable,injection,3mg/3mg/mL,"Inject 20 units subcutaneously once daily in the morning for 5 days on, followed by 2 days off.",1,Unspecified,Injectable,15mL,105,Refrigerated,1,1,,
Greenwich,Regenerative Revival,Wiz - CJC/Ipamorelin 1.2mg/2mg (3 Month Supply),CJC/Ipamorelin - 3 Month Supply,123217,Peptides,Injectable,injection,1.2mg/2mg/mL,"Inject 25 units subcutaneously nightly at bedtime for 5 days on, followed by 2 days off.",1,Unspecified,Injectable,15mL,84,Refrigerated,1,1,,
Greenwich,Regenerative Revival,Wiz - DSIP 1mg/mL (3 Month Supply),DSIP - 3 Month Supply,123218,Peptides,Injectable,injection,1mg/mL,"Inject 25 units subcutaneously nightly at bedtime for 5 days on, followed by 2 days off.",1,Unspecified,Injectable,15mL,84,Refrigerated,1,1,,
Greenwich,Regenerative Revival,Wiz - DSIP/BPC/CJC 1mg/2mg/2mg (3 Month Supply),DSIP/BPC/CJC - 3 Month Supply,123219,Peptides,Injectable,injection,1mg/2mg/2mg/mL,"Inject 25 units subcutaneously nightly at bedtime for 5 days on, followed by 2 days off.",1,Unspecified,Injectable,15mL,84,Refrigerated,1,1,,
Greenwich,Regenerative Revival,Wiz - GHK-Cu 10mg/mL (3 Month Supply),GHK-Cu - 3 Month Supply,123221,Peptides,Injectable,injection,10mg/mL,"Inject 20 units subcutaneously once daily in the morning for 5 days on, followed by 2 days off.",0,Unspecified,Injectable,15mL,105,Refrigerated,1,1,,
Greenwich,Regenerative Revival,Wiz - GHK-Cu/Epithalon 10mg/2mg/mL (3 Month Supply),GHK-Cu/Epithalon - 3 Month Supply,123222,Peptides,Injectable,injection,10mg/2mg/mL,"Inject 20 units subcutaneously once daily in the morning for 5 days on, followed by 2 days off.",0,Unspecified,Injectable,15mL,105,Refrigerated,1,1,,
Greenwich,Regenerative Revival,Wiz - Glutathione 200mg/mL (3 Month Supply),Glutathione - 3 Month Supply,123223,Peptides,Injectable,injection,200mg/ml,Inject 1 mL (200 mg) intramuscularly twice weekly.,1,Unspecified,Injectable,30mL,105,Refrigerated,1,1,,
Greenwich,Regenerative Revival,Wiz - Gonadorelin 1mg/mL (3 Month Supply),Gonadorelin - 3 Month Supply,123224,Peptides,Injectable,injection,1mg/mL,Inject 15 units subcutaneously nightly at bedtime.,1,Unspecified,Injectable,15mL,99,Refrigerated,1,1,,
Greenwich,Regenerative Revival,Wiz - LIPO-B 50mg/50mg/25mg/1mg/mL (3 Month Supply),LIPO-B - 3 Month Supply,123227,Peptides,Injectable,injection,50mg/50mg/25mg/1mg/mL,Inject 1 mL (100 units) into the muscle two times a week,1,Unspecified,Injectable,30mL,105,Refrigerated,1,1,,
Greenwich,Regenerative Revival,Wiz - MOTS-C 2mg/mL (3 Month Supply),MOTS-C - 3 Month Supply,123229,Peptides,Injectable,injection,2mg/mL,Inject 60 units subcutaneously in the morning three times weekly.,1,Unspecified,Injectable,15mL,60,Refrigerated,1,1,,
Greenwich,Regenerative Revival,Wiz - NAD+ 100mg/mL (3 Month Supply),NAD+ - 3 Month Supply,123230,Peptides,Injectable,injection,100mg/mL,"Inject 50 units subcutaneously 2–3 times weekly for 2 weeks, then may increase to 75 units subcutaneously 2–3 times weekly if well tolerated.",1,Unspecified,Injectable,30mL,93,Refrigerated,1,1,,
Greenwich,Regenerative Revival,Wiz - Pinealon/PE22-28/Selank 2mg/2mg/2mg/mL (3 Month Supply),Pinealon/PE22-28/Selank - 3 Month Supply,123231,Peptides,Injectable,injection,2mg/2mg/2mg/mL,"Inject 25 units subcutaneously once daily in the morning, Monday through Friday, followed by 2 days off.",1,Unspecified,Injectable,15mL,84,Refrigerated,1,1,,
Greenwich,Regenerative Revival,Wiz - PT-141 2mg/mL (3 Month Supply),PT-141 - 3 Month Supply,123232,Peptides,Injectable,injection,2mg/mL,Inject 75 units (1.5 mg) subcutaneously approximately 45 minutes prior to sexual activity. Do not administer more than 1 dose within a 24-hour period or more than 3 doses per week.,1,Unspecified,Injectable,15mL,84,Refrigerated,1,1,,
Greenwich,Regenerative Revival,Wiz - Semax/Selank 1mg/1mg (3 Month Supply),Semax/Selank - 3 Month Supply,123233,Peptides,Injectable,injection,1mg/1mg/mL,"Inject 20 units subcutaneously once daily in the morning for 5 days on, followed by 2 days off.",1,Unspecified,Injectable,15mL,105,Refrigerated,1,1,,
Greenwich,Regenerative Revival,Wiz - Sermorelin 3mg/mL (3 Month Supply),Sermorelin - 3 Month Supply,123234,Peptides,Injectable,injection,3mg/mL,"Inject 20 units subcutaneously nightly at bedtime for 5 days on, followed by 2 days off.",1,Unspecified,Injectable,15mL,105,Refrigerated,1,1,,
Greenwich,Regenerative Revival,Wiz - Tesamorelin 3mg/mL (3 Month Supply),Tesamorelin - 3 Month Supply,123235,Peptides,Injectable,injection,3mg/mL,"Inject 20 units subcutaneously nightly at bedtime for 5 days on, followed by 2 days off.",1,Unspecified,Injectable,15mL,105,Refrigerated,1,1,,
Greenwich,Regenerative Revival,Wiz - Tesamorelin/Ipamorelin 3mg/2mg/mL (3 Month Supply),Tesamorelin/Ipamorelin - 3 Month Supply,123236,Peptides,Injectable,injection,3mg/2mg/mL,"Inject 20 units subcutaneously nightly at bedtime for 5 days on, followed by 2 days off.",1,Unspecified,Injectable,15mL,105,Refrigerated,1,1,,
Greenwich,Regenerative Revival,Wiz - Sublingual Semaglutide 2mg/4mL - 3 Month Supply,Sublingual Semaglutide 2mg - 3 Month Supply,123255,Weight loss,GLP-1-Oral,sublingual,2mg/4mL,"Place 1 mL under the tongue Monday & Thursday morning and hold in place for 45 seconds, then swallow",0,Unspecified,Troches,12mL,84,Non-Refrigerated,90.00,120.00,Yes,No
Greenwich,Regenerative Revival,Wiz - Sublingual Semaglutide 4mg/4mL - 3 Month Supply,Sublingual Semaglutide 4mg - 3 Month Supply,123256,Weight loss,GLP-1-Oral,sublingual,4mg/4mL,"Place 1 mL under the tongue Monday & Thursday morning and hold in place for 45 seconds, then swallow",0,Unspecified,Troches,12mL,84,Non-Refrigerated,105.00,135.00,Yes,No
Greenwich,Regenerative Revival,Wiz - Sublingual Semaglutide 6mg/4mL - 3 Month Supply,Sublingual Semaglutide 6mg - 3 Month Supply,123257,Weight loss,GLP-1-Oral,sublingual,6mg/4mL,"Place 1 mL under the tongue Monday & Thursday morning and hold in place for 45 seconds, then swallow",0,Unspecified,Troches,12mL,84,Non-Refrigerated,135.00,165.00,Yes,No
Greenwich,Regenerative Revival,Wiz - Sublingual Semaglutide 8mg/4mL - 3 Month Supply,Sublingual Semaglutide 8mg - 3 Month Supply,123258,Weight loss,GLP-1-Oral,sublingual,8mg/4mL,"Place 1 mL under the tongue Monday & Thursday morning and hold in place for 45 seconds, then swallow",0,Unspecified,Troches,12mL,84,Non-Refrigerated,180.00,210.00,Yes,No
Greenwich,Regenerative Revival,Wiz - Sublingual Semaglutide 10mg/4mL - 3 Month Supply,Sublingual Semaglutide 10mg - 3 Month Supply,123259,Weight loss,GLP-1-Oral,sublingual,10mg/4mL,"Place 1 mL under the tongue Monday & Thursday morning and hold in place for 45 seconds, then swallow",0,Unspecified,Troches,12mL,84,Non-Refrigerated,210.00,240.00,Yes,No
Greenwich,Regenerative Revival,Wiz - Sublingual Semaglutide 10mg/4mL - 2 Month Supply,Sublingual Semaglutide 10mg - 2 Month Supply,123259,Weight loss,GLP-1-Oral,sublingual,10mg/4mL,"Place 1 mL under the tongue Monday & Thursday morning and hold in place for 45 seconds, then swallow",1,Unspecified,Troches,8mL,56,Non-Refrigerated,210.00,240.00,Yes,No
Greenwich,Regenerative Revival,Wiz - Sublingual Tirzepatide 5mg/4mL - 3 Month Supply,Sublingual Tirzepatide 5mg - 3 Month Supply,123256,Weight loss,GLP-1-Oral,sublingual,5mg/4mL,"Place 1 mL under the tongue Monday & Thursday morning and hold in place for 45 seconds, then swallow",0,Unspecified,Troches,12mL,84,Non-Refrigerated,210.00,240.00,Yes,No
Greenwich,Regenerative Revival,Wiz - Sublingual Tirzepatide 10mg/4mL - 3 Month Supply,Sublingual Tirzepatide 10mg - 3 Month Supply,123257,Weight loss,GLP-1-Oral,sublingual,10mg/4mL,"Place 1 mL under the tongue Monday & Thursday morning and hold in place for 45 seconds, then swallow",0,Unspecified,Troches,12mL,84,Non-Refrigerated,270.00,300.00,Yes,No
Greenwich,Regenerative Revival,Wiz - Sublingual Tirzepatide 15mg/4mL - 3 Month Supply,Sublingual Tirzepatide 15mg - 3 Month Supply,123258,Weight loss,GLP-1-Oral,sublingual,15mg/4mL,"Place 1 mL under the tongue Monday & Thursday morning and hold in place for 45 seconds, then swallow",0,Unspecified,Troches,12mL,84,Non-Refrigerated,300.00,330.00,Yes,No
Greenwich,Regenerative Revival,Wiz - Sublingual Tirzepatide 20mg/4mL - 3 Month Supply,Sublingual Tirzepatide 20mg - 3 Month Supply,123259,Weight loss,GLP-1-Oral,sublingual,20mg/4mL,"Place 1 mL under the tongue Monday & Thursday morning and hold in place for 45 seconds, then swallow",0,Unspecified,Troches,12mL,84,Non-Refrigerated,360.00,390.00,Yes,No
Greenwich,Regenerative Revival,Wiz - Sublingual Tirzepatide 25mg/4mL - 3 Month Supply,Sublingual Tirzepatide 25mg - 3 Month Supply,123260,Weight loss,GLP-1-Oral,sublingual,25mg/4mL,"Place 1 mL under the tongue Monday & Thursday morning and hold in place for 45 seconds, then swallow",0,Unspecified,Troches,12mL,84,Non-Refrigerated,420.00,450.00,Yes,No
Greenwich,Regenerative Revival,Wiz - Sublingual Tirzepatide 30mg/4mL - 3 Month Supply,Sublingual Tirzepatide 30mg - 3 Month Supply,123261,Weight loss,GLP-1-Oral,sublingual,30mg/4mL,"Place 1 mL under the tongue Monday & Thursday morning and hold in place for 45 seconds, then swallow",0,Unspecified,Troches,12mL,84,Non-Refrigerated,480.00,510.00,Yes,No
Greenwich,Regenerative Revival,Wiz - Sublingual Tirzepatide 30mg/4mL - 2 Month Supply,Sublingual Tirzepatide 30mg - 2 Month Supply,123261,Weight loss,GLP-1-Oral,sublingual,30mg/4mL,"Place 1 mL under the tongue Monday & Thursday morning and hold in place for 45 seconds, then swallow",1,Unspecified,Troches,8mL,56,Non-Refrigerated,480.00,510.00,Yes,No
Greenwich,Regenerative Revival,Wiz - Tirzepatide + B12 Injection 5mg/0.5mg/mL - 3 Month Supply,Tirzepatide + B12 5mg - 3 Month Supply,123257,Weight loss,GLP-1-Injectable,injection,5mg/0.5mg/mL,Inject (2.5mg) 50 units under the skin once weekly,0,Unspecified,Injectable,6mL,84,Refrigerated,210.00,240.00,Yes,No
Greenwich,Regenerative Revival,Wiz - Tirzepatide + B12 Injection 10mg/0.5mg/mL - 3 Month Supply,Tirzepatide + B12 10mg - 3 Month Supply,123258,Weight loss,GLP-1-Injectable,injection,10mg/0.5mg/mL,Inject (5mg) 50 units under the skin once weekly,0,Unspecified,Injectable,6mL,84,Refrigerated,270.00,300.00,Yes,No
Greenwich,Regenerative Revival,Wiz - Tirzepatide + B12 Injection 15mg/0.5mg/mL - 3 Month Supply,Tirzepatide + B12 15mg - 3 Month Supply,123259,Weight loss,GLP-1-Injectable,injection,15mg/0.5mg/mL,Inject (7.5mg)50 units under the skin once weekly,0,Unspecified,Injectable,6mL,84,Refrigerated,300.00,330.00,Yes,No
Greenwich,Regenerative Revival,Wiz - Tirzepatide + B12 Injection 20mg/0.5mg/mL - 3 Month Supply,Tirzepatide + B12 20mg - 3 Month Supply,123260,Weight loss,GLP-1-Injectable,injection,20mg/0.5mg/mL,Inject (10mg) 50 units under the skin once weekly,0,Unspecified,Injectable,6mL,84,Refrigerated,360.00,390.00,Yes,No
Greenwich,Regenerative Revival,Wiz - Tirzepatide + B12 Injection 25mg/0.5mg/mL - 3 Month Supply,Tirzepatide + B12 25mg - 3 Month Supply,123261,Weight loss,GLP-1-Injectable,injection,25mg/0.5mg/mL,Inject (12.5mg) 50 units under the skin once weekly,0,Unspecified,Injectable,6mL,84,Refrigerated,420.00,450.00,Yes,No
Greenwich,Regenerative Revival,Wiz - Tirzepatide + B12 Injection 30mg/0.5mg/mL - 3 Month Supply,Tirzepatide + B12 30mg - 3 Month Supply,123262,Weight loss,GLP-1-Injectable,injection,30mg/0.5mg/mL,Inject (15mg) 50 units under the skin once weekly,0,Unspecified,Injectable,6mL,84,Refrigerated,480.00,510.00,Yes,No
Greenwich,Regenerative Revival,Wiz - Tirzepatide + B12 Injection 30mg/0.5mg/mL - 2 Month Supply,Tirzepatide + B12 30mg - 2 Month Supply,123262,Weight loss,GLP-1-Injectable,injection,30mg/0.5mg/mL,Inject (15mg) 50 units under the skin once weekly,1,Unspecified,Injectable,4mL,56,Refrigerated,320.00,340.00,Yes,No
Greenwich,Regenerative Revival,Wiz - Semaglutide + B12 Injection 1mg/0.5mg/mL - 3 Month Supply,Semaglutide + B12 1mg - 3 Month Supply,123258,Weight loss,GLP-1-Injectable,injection,1mg/0.5mg/mL,Inject (.25mg) 25 units under the skin once weekly,0,Unspecified,Injectable,3mL,84,Refrigerated,90.00,120.00,Yes,No
Greenwich,Regenerative Revival,Wiz - Semaglutide + B12 Injection 2mg/0.5mg/mL - 3 Month Supply,Semaglutide + B12 2mg - 3 Month Supply,123259,Weight loss,GLP-1-Injectable,injection,2mg/0.5mg/mL,Inject (.50mg) 25 units under the skin once weekly,0,Unspecified,Injectable,3mL,84,Refrigerated,105.00,135.00,Yes,No
Greenwich,Regenerative Revival,Wiz - Semaglutide + B12 Injection 4mg/0.5mg/mL - 3 Month Supply,Semaglutide + B12 4mg - 3 Month Supply,123260,Weight loss,GLP-1-Injectable,injection,4mg/0.5mg/mL,Inject (1mg) 25 units under the skin once weekly,0,Unspecified,Injectable,3mL,84,Refrigerated,135.00,165.00,Yes,No
Greenwich,Regenerative Revival,Wiz - Semaglutide + B12 Injection 6mg/0.5mg/mL - 3 Month Supply,Semaglutide + B12 6mg - 3 Month Supply,123261,Weight loss,GLP-1-Injectable,injection,6mg/0.5mg/mL,Inject (1.5mg)25 units under the skin once weekly,0,Unspecified,Injectable,3mL,84,Refrigerated,180.00,210.00,Yes,No
Greenwich,Regenerative Revival,Wiz - Semaglutide + B12 Injection 10mg/0.5mg/mL - 3 Month Supply,Semaglutide + B12 10mg - 3 Month Supply,123262,Weight loss,GLP-1-Injectable,injection,10mg/0.5mg/mL,Inject (2.5mg) 25 units under the skin once weekly,0,Unspecified,Injectable,3mL,84,Refrigerated,210.00,240.00,Yes,No
Greenwich,Regenerative Revival,Wiz - Semaglutide + B12 Injection 10mg/0.5mg/mL - 2 Month Supply,Semaglutide + B12 10mg - 2 Month Supply,123262,Weight loss,GLP-1-Injectable,injection,10mg/0.5mg/mL,Inject (2.5mg) 25 units under the skin once weekly,1,Unspecified,Injectable,2mL,56,Refrigerated,140.00,160.00,Yes,No
Greenwich,Regenerative Revival,Wiz - Thymosin A-1 1mg/mL - 3 Month Supply,Thymosin A-1 - 3 Month Supply,123237,Peptides,Injectable,injection,1mg/mL,Inject 50 units subcutaneously twice a week.,1,Unspecified,Injectable,15mL,105,Refrigerated,$1.00,$1,Yes,No